"dataResourceUid","dataResourceName","images","dcterms:modified","dcterms:language","dcterms:license","rightsHolder","dcterms:accessRights","dcterms:bibliographicCitation","references","institutionID","collectionID","datasetID","institutionCode","collectionCode","datasetName","ownerInstitutionCode","basisOfRecord","informationWithheld","dataGeneralizations","dynamicProperties","identifier","provenance","rights","source","dcterms:type","occurrenceID","catalogNumber","recordNumber","recordedBy","individualCount","organismQuantity","organismQuantityType","sex","lifeStage","reproductiveCondition","behavior","establishmentMeans","occurrenceStatus","preparations","disposition","associatedMedia","associatedReferences","associatedTaxa","otherCatalogNumbers","occurrenceRemarks","organismID","associatedOccurrences","georeferenceVerificationStatus","recordedByID","recordID","degreeOfEstablishment","locationID","higherGeographyID","continent","waterBody","islandGroup","island","country","countryCode","stateProvince","county","municipality","locality","verbatimLocality","minimumElevationInMeters","maximumElevationInMeters","verbatimElevation","minimumDepthInMeters","maximumDepthInMeters","verbatimDepth","minimumDistanceAboveSurfaceInMeters","maximumDistanceAboveSurfaceInMeters","locationAccordingTo","locationRemarks","decimalLatitude","decimalLongitude","geodeticDatum","coordinateUncertaintyInMeters","coordinatePrecision","verbatimCoordinates","verbatimLatitude","verbatimLongitude","verbatimCoordinateSystem","verbatimSRS","footprintWKT","footprintSRS","georeferencedDate","georeferenceProtocol","georeferenceSources","georeferenceRemarks"
"dr1132","WildNet - Queensland Wildlife Data","","","","CC-BY 4.0 (Int)","","","","","","","8000","","","Rod Hobson's incidental records","Rod Hobson's wildlife data","OCCURRENCE","","","","","","","","","urn:catalog:QGov:DES:WildNet:3841169","","","","","3","Accurate","","","","","","PRESENT","","","","","","","","","","","","6b799e96-4792-4e81-b290-5702a72c0a89","","","","","","","","Australia","AU","Queensland","","","Epping Forest National Park (Scientific), CEQ.","","","","","","","","","","","","-22.34815","146.70362","EPSG:4326","1000.0","","","","","","","","","","","",""
"dr1132","WildNet - Queensland Wildlife Data","","","","CC-BY 4.0 (Int)","","","","","","","1645","","","Gordon et al. (1985)","Queensland Historical Fauna Database","OCCURRENCE","","","","","","","","","urn:catalog:QGov:DES:WildNet:2988924","","","","","","","","","","","","PRESENT","","","","","","","","","","","","b62e87ff-05e1-406f-8468-cb856b8442c9","","","","","","","","Australia","AU","Queensland","","","Epping Forest NP (#1)","","","","","","","","","","","","-22.3526","146.6928","EPSG:4326","900.0","","","","","","","","","","","",""
"dr1132","WildNet - Queensland Wildlife Data","","","","CC-BY 4.0 (Int)","","","","","","","1645","","","Gordon et al. (1985)","Queensland Historical Fauna Database","OCCURRENCE","","","","","","","","","urn:catalog:QGov:DES:WildNet:2988928","","","","","","","","","","","","PRESENT","","","","","","","","","","","","e7a81baf-4c8c-467e-ba8a-3d4d53470232","","","","","","","","Australia","AU","Queensland","","","Epping Forest NP (#4)","","","","","","","","","","","","-22.37899","146.69835","EPSG:4326","900.0","","","","","","","","","","","",""
"dr1132","WildNet - Queensland Wildlife Data","","","","CC-BY 4.0 (Int)","","","","","","","1641","","","Gordon (1973)","Queensland Historical Fauna Database","OCCURRENCE","","","","","","","","","urn:catalog:QGov:DES:WildNet:2988827","","","","","","","","","","","","PRESENT","","","","","","","","","","","","f1c83add-4d91-4235-96d5-fc40898d300e","","","","","","","","Australia","AU","Queensland","","","Epping Forest NP (#2)","","","","","","","","","","","","-22.3651","146.68863","EPSG:4326","900.0","","","","","","","","","","","",""
"dr1132","WildNet - Queensland Wildlife Data","","","","CC-BY 4.0 (Int)","","","","","","","5","","","Central Coast Wildlife Atlas - Fitzroy","Integrated Biological Information System (IBIS)","OCCURRENCE","","","","","","","","","urn:catalog:QGov:DES:WildNet:1585732","","","","","2","Accurate","","","","","","PRESENT","","","","","","","","","","","","1bd94a6c-a7ec-47e7-a8a5-520d1b8b1be1","","","","","","","","Australia","AU","Queensland","","","Epping Forest NP","","","","","","","","","","","","-22.34293","146.69036","EPSG:4326","500.0","","","","","","","","","","","",""
"dr1132","WildNet - Queensland Wildlife Data","","","","CC-BY 4.0 (Int)","","","","","","","1645","","","Gordon et al. (1985)","Queensland Historical Fauna Database","OCCURRENCE","","","","","","","","","urn:catalog:QGov:DES:WildNet:2988927","","","","","","","","","","","","PRESENT","","","","","","","","","","","","80fe5a82-7f72-40ec-83aa-b673c5d477a6","","","","","","","","Australia","AU","Queensland","","","Epping Forest NP (#2)","","","","","","","","","","","","-22.3651","146.68863","EPSG:4326","900.0","","","","","","","","","","","",""
"dr1132","WildNet - Queensland Wildlife Data","","","","CC-BY 4.0 (Int)","","","","","","","1645","","","Gordon et al. (1985)","Queensland Historical Fauna Database","OCCURRENCE","","","","","","","","","urn:catalog:QGov:DES:WildNet:2988926","","","","","","","","","","","","PRESENT","","","","","","","","","","","","b3ccf68a-615f-4cd1-8116-061c30589530","","","","","","","","Australia","AU","Queensland","","","Epping Forest NP (#5)","","","","","","","","","","","","-22.34843","146.68446","EPSG:4326","900.0","","","","","","","","","","","",""
"dr1132","WildNet - Queensland Wildlife Data","","","","CC-BY 4.0 (Int)","","","","","","","6985","","","Hoyle etal. (1995)","Queensland Historical Fauna Database","OCCURRENCE","","","","","","","","","urn:catalog:QGov:DES:WildNet:3797512","","","","","","","","","","","","PRESENT","","","","","","","","","","","","7dac2bf7-6676-4648-9746-bcc1961043c3","","","","","","","","Australia","AU","Queensland","","","Epping Forest NP","","","","","","","","","","","","-22.3526","146.70945","EPSG:4326","3500.0","","","","","","","","","","","",""
"dr1132","WildNet - Queensland Wildlife Data","","","","CC-BY 4.0 (Int)","","","","","","","1274","","","Crossman (1988)","Queensland Historical Fauna Database","OCCURRENCE","","","","","","","","","urn:catalog:QGov:DES:WildNet:2988931","","","","","","","","","","","","PRESENT","","","","","","","","","","","","5522ef6c-76fe-4695-95de-d027d5a2b961","","","","","","","","Australia","AU","Queensland","","","SE Sandy Camp WH, Belyando R, 10km W Epping Forest","","","","","","","","","","","","-22.3401","146.60113","EPSG:4326","1800.0","","","","","","","","","","","",""
"dr1132","WildNet - Queensland Wildlife Data","","","","CC-BY 4.0 (Int)","","","","","","","9","","","Central Coast Wildlife Atlas - Rockhampton","Integrated Biological Information System (IBIS)","OCCURRENCE","","","","","","","","","urn:catalog:QGov:DES:WildNet:1581794","","","","","1","Accurate","","","","","","PRESENT","","","","","","","","","","","","37417e33-3020-4f57-910d-125e2dba1624","","","","","","","","Australia","AU","Queensland","","","Epping Forest NP","","","","","","","","","","","","-22.3776","146.7053","EPSG:4326","500.0","","","","","","","","","","","",""
"dr1132","WildNet - Queensland Wildlife Data","","","","CC-BY 4.0 (Int)","","","","","","","1641","","","Gordon (1973)","Queensland Historical Fauna Database","OCCURRENCE","","","","","","","","","urn:catalog:QGov:DES:WildNet:2988825","","","","","","","","","","","","PRESENT","","","","","","","","","","","","bca765ab-cbdd-4c9a-b32c-78d9b6dd7571","","","","","","","","Australia","AU","Queensland","","","Epping Forest NP (#3)","","","","","","","","","","","","-22.37343","146.6928","EPSG:4326","900.0","","","","","","","","","","","",""
"dr1132","WildNet - Queensland Wildlife Data","","","","CC-BY 4.0 (Int)","","","","","","","2118","","","Longman (1939)","Queensland Historical Fauna Database","OCCURRENCE","","","","","","","","","urn:catalog:QGov:DES:WildNet:2988388","","","","","","","","","","","","PRESENT","","","","","","","","","","","","2473750d-f565-40e3-89ef-cc22e21c0886","","","","","","","","Australia","AU","Queensland","","","Epping Forest Stn, 75ml W of Clermont","","","","","","","","","","","","-22.3151","146.75529","EPSG:4326","7200.0","","","","","","","","","","","",""
"dr1132","WildNet - Queensland Wildlife Data","","","","CC-BY 4.0 (Int)","","","","","","","1274","","","Crossman (1988)","Queensland Historical Fauna Database","OCCURRENCE","","","","","","","","","urn:catalog:QGov:DES:WildNet:2988811","","","","","","","","","","","","PRESENT","","","","","","","","","","","","d9ef3ebd-370c-42d5-90c0-bbebe9930092","","","","","","","","Australia","AU","Queensland","","","Epping Forest NP","","","","","","","","","","","","-22.3526","146.70946","EPSG:4326","3500.0","","","","","","","","","","","",""
"dr1132","WildNet - Queensland Wildlife Data","","","","CC-BY 4.0 (Int)","","","","","","","5954","","","Woolnough & Johnson (2000)","Queensland Historical Fauna Database","OCCURRENCE","","","","","","","","","urn:catalog:QGov:DES:WildNet:3828009","","","","","","","","","","","","PRESENT","","","","","","","","","","","","a282c8c4-b179-4b67-90ba-ecd3f33ba365","","","","","","","","Australia","AU","Queensland","","","Epping Forest NP","","","","","","","","","","","","-22.34843","146.6928","EPSG:4326","900.0","","","","","","","","","","","",""
"dr1132","WildNet - Queensland Wildlife Data","","","","CC-BY 4.0 (Int)","","","","","","","1641","","","Gordon (1973)","Queensland Historical Fauna Database","OCCURRENCE","","","","","","","","","urn:catalog:QGov:DES:WildNet:2988824","","","","","","","","","","","","PRESENT","","","","","","","","","","","","57161e16-ba74-471d-ba87-f3e9c3645077","","","","","","","","Australia","AU","Queensland","","","Epping Forest NP (#4)","","","","","","","","","","","","-22.37899","146.69835","EPSG:4326","900.0","","","","","","","","","","","",""
"dr1132","WildNet - Queensland Wildlife Data","","","","CC-BY 4.0 (Int)","","","","","","","1645","","","Gordon et al. (1985)","Queensland Historical Fauna Database","OCCURRENCE","","","","","","","","","urn:catalog:QGov:DES:WildNet:2988930","","","","","","","","","","","","PRESENT","","","","","","","","","","","","c674cf4f-8d1c-4206-bc9e-d16be1b8ba7c","","","","","","","","Australia","AU","Queensland","","","2.1km E of Epping Forest NP","","","","","","","","","","","","-22.32343","146.7428","EPSG:4326","900.0","","","","","","","","","","","",""
"dr1132","WildNet - Queensland Wildlife Data","","","","CC-BY 4.0 (Int)","","","","","","","1274","","","Crossman (1988)","Queensland Historical Fauna Database","OCCURRENCE","","","","","","","","","urn:catalog:QGov:DES:WildNet:2988937","","","","","","","","","","","","PRESENT","","","","","","","","","","","","af505ad4-ae6c-498c-aa83-f7c3493dea3e","","","","","","","","Australia","AU","Queensland","","","Ula Ula, 45km E of Warrie","","","","","","","","","","","","-28.00675","149.3928","EPSG:4326","3600.0","","","","","","","","","","","",""
"dr1132","WildNet - Queensland Wildlife Data","","","","CC-BY 4.0 (Int)","","","","","","","2118","","","Longman (1939)","Queensland Historical Fauna Database","OCCURRENCE","","","","","","","","","urn:catalog:QGov:DES:WildNet:2988395","","","","","","","","","","","","PRESENT","","","","","","","","","","","","5868eaf3-94c8-4095-abfd-84020ab3c074","","","","","","","","Australia","AU","Queensland","","","Tambo District","","","","","","","","","","","","-24.88177","146.25116","EPSG:4326","10000.0","","","","","","","","","","","",""
"dr1132","WildNet - Queensland Wildlife Data","","","","CC-BY 4.0 (Int)","","","","","","","6972","","","Horsup (1998)","Queensland Historical Fauna Database","OCCURRENCE","","","","","","","","","urn:catalog:QGov:DES:WildNet:3828011","","","","","","","","","","","","PRESENT","","","","","","","","","","","","22c33e55-6ecb-4806-9aa9-f91e4f8155c5","","","","","","","","Australia","AU","Queensland","","","Epping Forest NP","","","","","","","","","","","","-22.3526","146.70946","EPSG:4326","3500.0","","","","","","","","","","","",""
"dr1132","WildNet - Queensland Wildlife Data","","","","CC-BY 4.0 (Int)","","","","","","","1274","","","Crossman (1988)","Queensland Historical Fauna Database","OCCURRENCE","","","","","","","","","urn:catalog:QGov:DES:WildNet:2988934","","","","","","","","","","","","PRESENT","","","","","","","","","","","","81bd749d-2ae7-4ed8-b1e3-2f9c5d1a7a4e","","","","","","","","Australia","AU","Queensland","","","Nr Moonie R, 1km from Chelmer Stn HS","","","","","","","","","","","","-28.21508","148.90531","EPSG:4326","900.0","","","","","","","","","","","",""
"dr1132","WildNet - Queensland Wildlife Data","","","","CC-BY 4.0 (Int)","","","","","","","1333","","","De Vis (1901)","Queensland Historical Fauna Database","OCCURRENCE","","","","","","","","","urn:catalog:QGov:DES:WildNet:2988698","","","","","","","","","","","","PRESENT","","","","","","","","","","","","9a984f36-6e47-44d0-8db8-b31fd58c6e5f","","","","","","","","Australia","AU","Queensland","","","Some miles N of St George","","","","","","","","","","","","-27.98175","148.61782","EPSG:4326","9000.0","","","","","","","","","","","",""
"dr1132","WildNet - Queensland Wildlife Data","","","","CC-BY 4.0 (Int)","","","","","","","1645","","","Gordon et al. (1985)","Queensland Historical Fauna Database","OCCURRENCE","","","","","","","","","urn:catalog:QGov:DES:WildNet:2988925","","","","","","","","","","","","PRESENT","","","","","","","","","","","","fd3be44f-5e41-4e1c-b6f4-30ea0c3c4572","","","","","","","","Australia","AU","Queensland","","","Epping Forest NP (#6)","","","","","","","","","","","","-22.3776","146.70391","EPSG:4326","900.0","","","","","","","","","","","",""
"dr1132","WildNet - Queensland Wildlife Data","","","","CC-BY 4.0 (Int)","","","","","","","4110","","","Harry Hines incidental records","Harry Hines fauna data","OCCURRENCE","","","","","","","","","urn:catalog:QGov:DES:WildNet:5827253","","","","","1","Accurate","","","","","","PRESENT","","","","","","","","","","","","390b3d12-03ac-4035-96c2-85acdbcb59be","","","","","","","","Australia","AU","Queensland","","","Hairy-nosed Highway near camp, Epping Forest National Park, northwest of Clermont, CQ.","","","","","","","","","","","","-22.37971","146.6989","EPSG:4326","50.0","","","","","","","","","","","",""
"dr1132","WildNet - Queensland Wildlife Data","","","","CC-BY 4.0 (Int)","","","","","","","8000","","","Rod Hobson's incidental records","Rod Hobson's wildlife data","OCCURRENCE","","","","","","","","","urn:catalog:QGov:DES:WildNet:3841168","","","","","3","Accurate","","","","","","PRESENT","","","","","","","","","","","","4f444da7-5b31-45ed-9dc7-97fa4d275e00","","","","","","","","Australia","AU","Queensland","","","Epping Forest National Park (Scientific), CEQ.","","","","","","","","","","","","-22.34815","146.70362","EPSG:4326","1000.0","","","","","","","","","","","",""
"dr1132","WildNet - Queensland Wildlife Data","","","","CC-BY 4.0 (Int)","","","","","","","1275","","","Crossman et al. (1994)","Queensland Historical Fauna Database","OCCURRENCE","","","","","","","","","urn:catalog:QGov:DES:WildNet:2983400","","","","","","","","","","","","PRESENT","","","","","","","","","","","","7adbb878-0660-46a9-a540-ce1c9e455016","","","","","","","","Australia","AU","Queensland","","","Epping Forest NP","","","","","","","","","","","","-22.37343","146.6928","EPSG:4326","900.0","","","","","","","","","","","",""
"dr1132","WildNet - Queensland Wildlife Data","","","","CC-BY 4.0 (Int)","","","","","","","1645","","","Gordon et al. (1985)","Queensland Historical Fauna Database","OCCURRENCE","","","","","","","","","urn:catalog:QGov:DES:WildNet:2988929","","","","","","","","","","","","PRESENT","","","","","","","","","","","","a0cb3725-d102-4bfb-9209-8e64c62da90d","","","","","","","","Australia","AU","Queensland","","","Alinya Stn 5.2km W of Epping Forest NP","","","","","","","","","","","","-22.35676","146.6428","EPSG:4326","900.0","","","","","","","","","","","",""
"dr1132","WildNet - Queensland Wildlife Data","","","","CC-BY 4.0 (Int)","","","","","","","1275","","","Crossman et al. (1994)","Queensland Historical Fauna Database","OCCURRENCE","","","","","","","","","urn:catalog:QGov:DES:WildNet:2983353","","","","","","","","","","","","PRESENT","","","","","","","","","","","","331dd891-a66e-45b5-876c-df4b243cc106","","","","","","","","Australia","AU","Queensland","","","Epping Forest NP","","","","","","","","","","","","-22.34843","146.70113","EPSG:4326","900.0","","","","","","","","","","","",""
"dr1132","WildNet - Queensland Wildlife Data","","","","CC-BY 4.0 (Int)","","","","","","","1333","","","De Vis (1901)","Queensland Historical Fauna Database","OCCURRENCE","","","","","","","","","urn:catalog:QGov:DES:WildNet:2988702","","","","","","","","","","","","PRESENT","","","","","","","","","","","","447b5497-fcef-42fa-bef9-af509517f460","","","","","","","","Australia","AU","Queensland","","","Bullamon Stn on Moonie River","","","","","","","","","","","","-28.65258","148.85532","EPSG:4326","1800.0","","","","","","","","","","","",""
"dr1132","WildNet - Queensland Wildlife Data","","","","CC-BY 4.0 (Int)","","","","","","","4110","","","Harry Hines incidental records","Harry Hines fauna data","OCCURRENCE","","","","","","","","","urn:catalog:QGov:DES:WildNet:5827235","","","","","1","Accurate","","","","","","PRESENT","","","","","","","","","","","","239b192b-22bc-4588-a666-a880f4b5d0b2","","","","","","","","Australia","AU","Queensland","","","Wombat Way, Epping Forest National Park, northwest of Clermont, CQ.","","","","","","","","","","","","-22.36915","146.69556","EPSG:4326","50.0","","","","","","","","","","","",""
"dr1132","WildNet - Queensland Wildlife Data","","","","CC-BY 4.0 (Int)","","","","","","","5956","","","Woolnough (2000)","Queensland Historical Fauna Database","OCCURRENCE","","","","","","","","","urn:catalog:QGov:DES:WildNet:3828020","","","","","","","","","","","","PRESENT","","","","","","","","","","","","6827548f-78ab-4c4a-adf3-7f0f82abdb6a","","","","","","","","Australia","AU","Queensland","","","Epping Forest NP","","","","","","","","","","","","-22.3526","146.70946","EPSG:4326","3500.0","","","","","","","","","","","",""
"dr1132","WildNet - Queensland Wildlife Data","","","","CC-BY 4.0 (Int)","","","","","","","2118","","","Longman (1939)","Queensland Historical Fauna Database","OCCURRENCE","","","","","","","","","urn:catalog:QGov:DES:WildNet:2988393","","","","","","","","","","","","PRESENT","","","","","","","","","","","","3461c499-883a-4412-9c08-bb47f3bf09bf","","","","","","","","Australia","AU","Queensland","","","Cotherstone area, E of Clermont","","","","","","","","","","","","-22.61509","148.2511","EPSG:4326","3600.0","","","","","","","","","","","",""
"dr1132","WildNet - Queensland Wildlife Data","","","","CC-BY 4.0 (Int)","","","","","","","1645","","","Gordon et al. (1985)","Queensland Historical Fauna Database","OCCURRENCE","","","","","","","","","urn:catalog:QGov:DES:WildNet:2988829","","","","","","","","","","","","PRESENT","","","","","","","","","","","","f0e34ef8-71dd-46d9-a890-4b5bc1bcc721","","","","","","","","Australia","AU","Queensland","","","Epping Forest NP (#3)","","","","","","","","","","","","-22.37343","146.6928","EPSG:4326","900.0","","","","","","","","","","","",""
"dr1132","WildNet - Queensland Wildlife Data","","","","CC-BY 4.0 (Int)","","","","","","","7267","","","Evans (2000)","Queensland Historical Fauna Database","OCCURRENCE","","","","","","","","","urn:catalog:QGov:DES:WildNet:3746422","","","","","","","","","","","","PRESENT","","","","","","","","","","","","0a632fbc-f0f2-475c-8f7d-da5e5e606214","","","","","","","","Australia","AU","Queensland","","","Epping Forest National Park","","","","","","","","","","","","-22.3651","146.70113","EPSG:4326","900.0","","","","","","","","","","","",""
"dr1132","WildNet - Queensland Wildlife Data","","","","CC-BY 4.0 (Int)","","","","","","","7176","","","Gerhardt etal. (2000)","Queensland Historical Fauna Database","OCCURRENCE","","","","","","","","","urn:catalog:QGov:DES:WildNet:3828010","","","","","","","","","","","","PRESENT","","","","","","","","","","","","cb4bec5a-7b80-4b3f-bf13-2e6420524c1e","","","","","","","","Australia","AU","Queensland","","","Epping Forest NP","","","","","","","","","","","","-22.3526","146.70946","EPSG:4326","3500.0","","","","","","","","","","","",""
"dr1132","WildNet - Queensland Wildlife Data","","","","CC-BY 4.0 (Int)","","","","","","","1274","","","Crossman (1988)","Queensland Historical Fauna Database","OCCURRENCE","","","","","","","","","urn:catalog:QGov:DES:WildNet:2988936","","","","","","","","","","","","PRESENT","","","","","","","","","","","","0b61e47e-98f5-4778-813a-75e3ed6f05de","","","","","","","","Australia","AU","Queensland","","","Yaminon Sand Ridge, Warrie Stn","","","","","","","","","","","","-28.09842","148.97198","EPSG:4326","3600.0","","","","","","","","","","","",""
"dr1132","WildNet - Queensland Wildlife Data","","","","CC-BY 4.0 (Int)","","","","","","","1275","","","Crossman et al. (1994)","Queensland Historical Fauna Database","OCCURRENCE","","","","","","","","","urn:catalog:QGov:DES:WildNet:2983401","","","","","","","","","","","","PRESENT","","","","","","","","","","","","694e9e09-b5d9-4e00-9211-1ed8cdaaf09a","","","","","","","","Australia","AU","Queensland","","","Epping Forest NP","","","","","","","","","","","","-22.3776","146.70113","EPSG:4326","450.0","","","","","","","","","","","",""
"dr1132","WildNet - Queensland Wildlife Data","","","","CC-BY 4.0 (Int)","","","","","","","5955","","","Woolnough (1998)","Queensland Historical Fauna Database","OCCURRENCE","","","","","","","","","urn:catalog:QGov:DES:WildNet:3797509","","","","","","","","","","","","PRESENT","","","","","","","","","","","","6adca467-7f4e-40f0-a976-afaa3e4fdae3","","","","","","","","Australia","AU","Queensland","","","Epping Forest NP","","","","","","","","","","","","-22.3526","146.70945","EPSG:4326","3500.0","","","","","","","","","","","",""
"dr1132","WildNet - Queensland Wildlife Data","","","","CC-BY 4.0 (Int)","","","","","","","9","","","Central Coast Wildlife Atlas - Rockhampton","Integrated Biological Information System (IBIS)","OCCURRENCE","","","","","","","","","urn:catalog:QGov:DES:WildNet:1581735","","","","","1","Accurate","","","","","","PRESENT","","","","","","","","","","","","73d0e921-2f62-4f39-96a0-51445d6ea6fa","","","","","","","","Australia","AU","Queensland","","","Epping Forest NP","","","","","","","","","","","","-22.3776","146.7053","EPSG:4326","500.0","","","","","","","","","","","",""
"dr1132","WildNet - Queensland Wildlife Data","","","","CC-BY 4.0 (Int)","","","","","","","1274","","","Crossman (1988)","Queensland Historical Fauna Database","OCCURRENCE","","","","","","","","","urn:catalog:QGov:DES:WildNet:2988938","","","","","","","","","","","","PRESENT","","","","","","","","","","","","b4b3a823-b021-4163-8557-acb987a87841","","","","","","","","Australia","AU","Queensland","","","S bank Moonie R, Moombah Stn","","","","","","","","","","","","-27.97341","149.29697","EPSG:4326","1800.0","","","","","","","","","","","",""
"dr1132","WildNet - Queensland Wildlife Data","","","","CC-BY 4.0 (Int)","","","","","","","1573","","","Finlayson (1934)","Queensland Historical Fauna Database","OCCURRENCE","","","","","","","","","urn:catalog:QGov:DES:WildNet:2988211","","","","","","","","","","","","PRESENT","","","","","","","","","","","","e1b2b521-2bee-4d9d-93fb-0572f38557ca","","","","","","","","Australia","AU","Queensland","","","Epping Forest","","","","","","","","","","","","-22.3151","146.75529","EPSG:4326","7200.0","","","","","","","","","","","",""
"dr1132","WildNet - Queensland Wildlife Data","","","","CC-BY 4.0 (Int)","","","","","","","1641","","","Gordon (1973)","Queensland Historical Fauna Database","OCCURRENCE","","","","","","","","","urn:catalog:QGov:DES:WildNet:2988826","","","","","","","","","","","","PRESENT","","","","","","","","","","","","e3090167-9fed-41b4-99ba-d2ccc011df2c","","","","","","","","Australia","AU","Queensland","","","Epping Forest NP (#1)","","","","","","","","","","","","-22.3526","146.6928","EPSG:4326","900.0","","","","","","","","","","","",""
"dr1132","WildNet - Queensland Wildlife Data","","","","CC-BY 4.0 (Int)","","","","","","","5957","","","Woolnough etal. (1998)","Queensland Historical Fauna Database","OCCURRENCE","","","","","","","","","urn:catalog:QGov:DES:WildNet:3790071","","","","","","","","","","","","PRESENT","","","","","","","","","","","","372c3d15-a237-496d-9dc2-417410df7b96","","","","","","","","Australia","AU","Queensland","","","Epping Forest NP","","","","","","","","","","","","-22.3526","146.70945","EPSG:4326","3500.0","","","","","","","","","","","",""
"dr1132","WildNet - Queensland Wildlife Data","","","","CC-BY 4.0 (Int)","","","","","","","1641","","","Gordon (1973)","Queensland Historical Fauna Database","OCCURRENCE","","","","","","","","","urn:catalog:QGov:DES:WildNet:2988828","","","","","","","","","","","","PRESENT","","","","","","","","","","","","670e96a4-30cb-480b-9d29-6ab53f420130","","","","","","","","Australia","AU","Queensland","","","Laglan Stn S of Epping Forest NP","","","","","","","","","","","","-22.48176","146.6678","EPSG:4326","9000.0","","","","","","","","","","","",""
"dr1132","WildNet - Queensland Wildlife Data","","","","CC-BY 4.0 (Int)","","","","","","","1275","","","Crossman et al. (1994)","Queensland Historical Fauna Database","OCCURRENCE","","","","","","","","","urn:catalog:QGov:DES:WildNet:2983369","","","","","","","","","","","","PRESENT","","","","","","","","","","","","e51991b1-4d4b-474a-a4d4-f316547866c8","","","","","","","","Australia","AU","Queensland","","","Alinya Stn on Belyando R","","","","","","","","","","","","-22.34843","146.57613","EPSG:4326","5000.0","","","","","","","","","","","",""
"dr1132","WildNet - Queensland Wildlife Data","","","","CC-BY 4.0 (Int)","","","","","","","4110","","","Harry Hines incidental records","Harry Hines fauna data","OCCURRENCE","","","","","","","","","urn:catalog:QGov:DES:WildNet:5827233","","","","","1","Accurate","","","","","","PRESENT","","","","","","","","","","","","20db2855-8698-403e-bb39-577155e0e600","","","","","","","","Australia","AU","Queensland","","","Eastern boundary track, Epping Forest National Park, northwest of Clermont, CQ.","","","","","","","","","","","","-22.37554","146.70334","EPSG:4326","50.0","","","","","","","","","","","",""
"dr1132","WildNet - Queensland Wildlife Data","","","","CC-BY 4.0 (Int)","","","","","","","1274","","","Crossman (1988)","Queensland Historical Fauna Database","OCCURRENCE","","","","","","","","","urn:catalog:QGov:DES:WildNet:2988935","","","","","","","","","","","","PRESENT","","","","","","","","","","","","fcfc307d-d000-4304-b20a-8db564004714","","","","","","","","Australia","AU","Queensland","","","Daymar area","","","","","","","","","","","","-28.60258","148.98448","EPSG:4326","3600.0","","","","","","","","","","","",""
"dr1411","iNaturalist Australia","51f82162-05b1-4976-bfa6-523f98bf3259 | 7840f4d2-39ce-480c-aee1-71a7c0de4b47 | 7e1d5b7b-5e7a-4669-bc08-7478833977bb","2026-03-19T18:38:17Z","","CC-BY-NC 4.0 (Int)","Aaron Bean","","","https://www.inaturalist.org/observations/70186880","","","","iNaturalist","Observations","iNaturalist research-grade observations","","HUMAN_OBSERVATION","","","{""evidenceOfPresence"":[""construction"",""organism""]}","","","","","","https://www.inaturalist.org/observations/70186880","70186880","","Aaron Bean","","","","","","","","","PRESENT","","","","","","","","","","","","19e080fd-d3bb-4ad2-8f8a-2f781d85a16f","","","","","","","","Australia","AU","Queensland","","","","Belyando, AU-QL, AU","","","","","","","","","","","-22.279479","146.6129","EPSG:4326","30298.0","","","","","","","","","","","",""
"dr1411","iNaturalist Australia","d330f326-a72e-4282-8a55-51fda093f6ce","2026-03-19T18:38:10Z","","CC-BY-NC 4.0 (Int)","Bradley J Hunter","","","https://www.inaturalist.org/observations/111293455","","","","iNaturalist","Observations","iNaturalist research-grade observations","","HUMAN_OBSERVATION","","","{""evidenceOfPresence"":""organism""}","","","","","","https://www.inaturalist.org/observations/111293455","111293455","","Bradley J Hunter","","","","FEMALE","{""concept"": ""Adult"", ""lineage"": [""Adult""]}","","","","PRESENT","","","","","","","Epping State","","","","","5c10a5e1-394d-4f11-a9cc-b188519d9a66","","","","","","","","Australia","AU","Queensland","","","","Elgin QLD 4721, Australia","","","","","","","","","","","-22.358315","146.705601","EPSG:4326","122.0","","","","","","","","","","","",""
"dr1411","iNaturalist Australia","7b76da51-4f77-45c3-ad01-eb4138425d08 | 835aa10f-9327-441f-b698-aba0e21de4fe | 9eb22e18-4bcd-458d-b6d7-999cae96888e | ba15bb89-a41c-4762-874e-80f0bf89e169","2025-09-24T06:35:56Z","","CC-BY-NC 4.0 (Int)","jaymieok","","","https://www.inaturalist.org/observations/252266470","","","","iNaturalist","Observations","iNaturalist research-grade observations","","HUMAN_OBSERVATION","","","{""evidenceOfPresence"":""organism""}","","","","","","https://www.inaturalist.org/observations/252266470","252266470","","jaymieok","","","","","","","","","PRESENT","","","","","","","","","","","","36f76add-5a9f-40d5-a0cd-58fa034e0e72","","","","","","","","Australia","AU","Queensland","","","","Belyando, AU-QL, AU","","","","","","","","","","","-22.223511","146.694955","EPSG:4326","30298.0","","","","","","","","","","","",""
"dr1411","iNaturalist Australia","96087efc-5731-40d1-9f0d-1868c52c13e1 | 9b84394d-dd57-4153-8796-fb16e288fcbd","2025-09-24T06:36:15Z","","CC-BY-NC 4.0 (Int)","jaymieok","","","https://www.inaturalist.org/observations/252236218","","","","iNaturalist","Observations","iNaturalist research-grade observations","","HUMAN_OBSERVATION","","","{""evidenceOfPresence"":""organism""}","","","","","","https://www.inaturalist.org/observations/252236218","252236218","","jaymieok","","","","","","","","","PRESENT","","","","","","","","","","","","da1451af-c59f-482a-a337-71ca63c3aee9","","","","","","","","Australia","AU","Queensland","","","","Belyando, AU-QL, AU","","","","","","","","","","","-22.23599","146.604378","EPSG:4326","30298.0","","","","","","","","","","","",""
"dr1411","iNaturalist Australia","490a2dce-d60c-417f-9d53-2da3a570a79f | 68b79eae-42b3-4390-a931-3188f571896e | 94eaf703-270a-45ff-a7f9-c0b026d6ceff | be1da5be-b5f4-4432-b939-e78a7e1f0648","2026-04-25T16:50:47Z","","CC-BY-NC 4.0 (Int)","jaymieok","","","https://www.inaturalist.org/observations/353344779","","","","iNaturalist","Observations","iNaturalist research-grade observations","","HUMAN_OBSERVATION","","","{""evidenceOfPresence"":""organism""}","","","","","","https://www.inaturalist.org/observations/353344779","353344779","","jaymieok","","","","","","","","","PRESENT","","","","","","","","","","","","38d7c95d-8f93-4abb-976b-96cfc6c7a351","","","","","","","","Australia","AU","Queensland","","","","Elgin QLD 4721, Australia","","","","","","","","","","","-22.382554","146.702918","EPSG:4326","","","","","","","","","","","","",""
"dr1411","iNaturalist Australia","0f48415b-2699-4f69-a4ea-6303cd5902be | bf86aaec-522a-4ba7-b660-4e1890a5889d","2026-03-19T18:38:13Z","","CC-BY 4.0 (Int)","Tim Bawden","","","https://www.inaturalist.org/observations/60180768","","","","iNaturalist","Observations","iNaturalist research-grade observations","","HUMAN_OBSERVATION","","","{""evidenceOfPresence"":[""construction"",""organism""]}","","","","","","https://www.inaturalist.org/observations/60180768","60180768","","Tim Bawden","","","","","","","","","PRESENT","","","","","","","","","","","","5108acb4-a039-4331-9efc-ace88889d879","","","","","","","","Australia","AU","Queensland","","","","Elgin QLD 4721, Australia","","","","","","","","","","","-22.364681","146.697955","EPSG:4326","758.0","","","","","","","","","","","",""
"dr1411","iNaturalist Australia","2007e2f0-0ae9-47f2-a119-cd8bd949318e","2025-09-24T06:36:28Z","","CC-BY-NC 4.0 (Int)","lwoot","","","https://www.inaturalist.org/observations/246557871","","","","iNaturalist","Observations","iNaturalist research-grade observations","","HUMAN_OBSERVATION","","","{""evidenceOfPresence"":""organism""}","","","","","","https://www.inaturalist.org/observations/246557871","246557871","","lwoot","","","","","","","","","PRESENT","","","","","","","","","","","","dd456676-4d40-4796-99c5-429212525af2","","","","","","","","Australia","AU","Queensland","","","","Epping Forest National Park, Elgin, QLD, AU","","","","","","","","","","","-22.381933","146.70357","EPSG:4326","4.0","","","","","","","","","","","",""
"dr22501","Natural History Museum (London) Collection Specimens","","","","CC0","","","","","","","","NHMUK","PAL","","","FOSSIL_SPECIMEN","","","{""associatedMediaCount"": 1, ""barcode"": null, ""catalogueDescription"": ""Fragment of the left ramus of the mandible, showing two true molars."", ""chondriteAchondrite"": null, ""chronostratigraphy"": null, ""clutchSize"": null, ""collectionKind"": null, ""collectionName"": null, ""commodity"": null, ""created"": 1418756550000, ""currentScientificName"": null, ""dateRegistered"": null, ""depositType"": null, ""determinationFiledAs"": null, ""determinationNames"": ""Phascolomys krefftii Owen, 1872"", ""determinationTypes"": null, ""donorName"": null, ""expedition"": null, ""exsiccata"": null, ""exsiccataNumber"": null, ""extractionMethod"": null, ""gbifID"": null, ""gbifIssue"": null, ""identificationAsRegistered"": null, ""identificationDescription"": null, ""identificationOther"": null, ""identificationVariety"": null, ""kindOfCollection"": null, ""kindOfObject"": null, ""lithostratigraphy"": null, ""meteoriteClass"": null, ""meteoriteGroup"": null, ""meteoriteType"": null, ""mine"": null, ""mineralComplex"": null, ""observedWeight"": null, ""occurrence"": null, ""partType"": null, ""petrologySubtype"": null, ""petrologyType"": null, ""plantDescription"": null, ""populationCode"": null, ""preparationType"": null, ""preservative"": null, ""project"": null, ""recovery"": null, ""recoveryDate"": null, ""recoveryWeight"": null, ""registeredWeightUnit"": null, ""registrationCode"": null, ""resuspendedIn"": null, ""setMark"": null, ""subDepartment"": ""Vertebrates"", ""subfamily"": null, ""suborder"": null, ""superfamily"": null, ""texture"": null, ""totalVolume"": null, ""vessel"": null}","","","","","","ab865780-a824-4ef9-ac73-3080f27407d7","PV OR 42610","","","","","","","","","","","PRESENT","","","","","","NHMUK:ecatalogue:5017619","","","","","","b3f2ccbf-a49c-4b72-8a53-e5c260e473a8","","","","","","","","Australia","AU","New South Wales","","","Wellington Caves","","","","","","","","","","","","-32.621034","148.938661","EPSG:4326","","","","32 37 15.720 S","148 56 19.178 E","","","","","","","",""
"dr22501","Natural History Museum (London) Collection Specimens","","","","CC0","","","","","","","","NHMUK","PAL","","","FOSSIL_SPECIMEN","","","{""associatedMediaCount"": 1, ""barcode"": null, ""catalogueDescription"": ""Left ramus of the lower jaw"", ""chondriteAchondrite"": null, ""chronostratigraphy"": null, ""clutchSize"": null, ""collectionKind"": null, ""collectionName"": null, ""commodity"": null, ""created"": 1418756544000, ""currentScientificName"": null, ""dateRegistered"": null, ""depositType"": null, ""determinationFiledAs"": null, ""determinationNames"": ""Phascolomys krefftii Owen, 1872"", ""determinationTypes"": null, ""donorName"": null, ""expedition"": null, ""exsiccata"": null, ""exsiccataNumber"": null, ""extractionMethod"": null, ""gbifID"": null, ""gbifIssue"": null, ""identificationAsRegistered"": null, ""identificationDescription"": null, ""identificationOther"": null, ""identificationVariety"": null, ""kindOfCollection"": null, ""kindOfObject"": null, ""lithostratigraphy"": null, ""meteoriteClass"": null, ""meteoriteGroup"": null, ""meteoriteType"": null, ""mine"": null, ""mineralComplex"": null, ""observedWeight"": null, ""occurrence"": null, ""partType"": null, ""petrologySubtype"": null, ""petrologyType"": null, ""plantDescription"": null, ""populationCode"": null, ""preparationType"": null, ""preservative"": null, ""project"": null, ""recovery"": null, ""recoveryDate"": null, ""recoveryWeight"": null, ""registeredWeightUnit"": null, ""registrationCode"": null, ""resuspendedIn"": null, ""setMark"": null, ""subDepartment"": ""Vertebrates"", ""subfamily"": null, ""suborder"": null, ""superfamily"": null, ""texture"": null, ""totalVolume"": null, ""vessel"": null}","","","","","","5a2c1f6c-f4b2-4ae7-b34c-8ad1c950e255","PV OR 42603","","","","","","","","","","","PRESENT","","","","","","NHMUK:ecatalogue:5017612","","","","","","62d6e6e3-2893-4b4b-9954-b59cd8df42c2","","","","","","","","Australia","AU","New South Wales","","","Wellington Caves","","","","","","","","","","","","-32.621034","148.938661","EPSG:4326","","","","32 37 15.720 S","148 56 19.178 E","","","","","","","",""
"dr22501","Natural History Museum (London) Collection Specimens","","","","CC0","","","","","","","","NHMUK","PAL","","","FOSSIL_SPECIMEN","","","{""associatedMediaCount"": 1, ""barcode"": null, ""catalogueDescription"": ""Anterior portion of mandible"", ""chondriteAchondrite"": null, ""chronostratigraphy"": null, ""clutchSize"": null, ""collectionKind"": null, ""collectionName"": null, ""commodity"": null, ""created"": 1418756543000, ""currentScientificName"": null, ""dateRegistered"": null, ""depositType"": null, ""determinationFiledAs"": null, ""determinationNames"": ""Phascolomys krefftii Owen, 1872"", ""determinationTypes"": null, ""donorName"": null, ""expedition"": null, ""exsiccata"": null, ""exsiccataNumber"": null, ""extractionMethod"": null, ""gbifID"": null, ""gbifIssue"": null, ""identificationAsRegistered"": null, ""identificationDescription"": null, ""identificationOther"": null, ""identificationVariety"": null, ""kindOfCollection"": null, ""kindOfObject"": null, ""lithostratigraphy"": null, ""meteoriteClass"": null, ""meteoriteGroup"": null, ""meteoriteType"": null, ""mine"": null, ""mineralComplex"": null, ""observedWeight"": null, ""occurrence"": null, ""partType"": null, ""petrologySubtype"": null, ""petrologyType"": null, ""plantDescription"": null, ""populationCode"": null, ""preparationType"": null, ""preservative"": null, ""project"": null, ""recovery"": null, ""recoveryDate"": null, ""recoveryWeight"": null, ""registeredWeightUnit"": null, ""registrationCode"": null, ""resuspendedIn"": null, ""setMark"": null, ""subDepartment"": ""Vertebrates"", ""subfamily"": null, ""suborder"": null, ""superfamily"": null, ""texture"": null, ""totalVolume"": null, ""vessel"": null}","","","","","","771dbdeb-1bb9-4bd3-bcbe-7c4c63ed1e9b","PV OR 42602","","","","","","","","","","","PRESENT","","","","","","NHMUK:ecatalogue:5017611","","","","","","d14d5194-1957-49fb-a82a-5a7e5730cb2a","","","","","","","","Australia","AU","New South Wales","","","Wellington Caves","","","","","","","","","","","","-32.621034","148.938661","EPSG:4326","","","","32 37 15.720 S","148 56 19.178 E","","","","","","","",""
"dr342","Museums Victoria provider for OZCAM","c1fb15a4-468d-4736-9ec5-c7b4d566537e","2026-03-26T15:33","en","CC0","Museums Victoria","","","","urn:lsid:biocol.org:col:34978","","","NMV","Mammalogy","","NMV","PRESERVED_SPECIMEN","","","","","Published dataset","","","PhysicalObject","urn:lsid:ozcam.taxonomy.org.au:NMV:Mammalogy:PreservedSpecimen:C6235","C6235","","Unknown","1","","","","","","","","PRESENT","Dry | Skull (part)","","https://collections.museumsvictoria.com.au/content/media/5/341505-large.jpg","","","","","","","","","4923ff2b-12d8-4770-a120-1d1273439d32","","","","","","","","Australia","AU","New South Wales","","","Deniliquin","Deniliquin","","","","","","","","","","","-35.53","144.95","EPSG:4326","","","","","","","","","","","AMG conversion, collection or Gazetteer","",""
"dr342","Museums Victoria provider for OZCAM","","2025-05-19T14:19","en","CC0","Museums Victoria","","","","urn:lsid:biocol.org:col:34978","","","NMV","Mammalogy","","NMV","PRESERVED_SPECIMEN","","","","","Published dataset","","","PhysicalObject","urn:lsid:ozcam.taxonomy.org.au:NMV:Mammalogy:PreservedSpecimen:C6229","C6229","","Unknown","1","","","","{""concept"": ""Juvenile"", ""lineage"": [""Juvenile""]}","","","","PRESENT","Dry | Skin","","","","","","","","","","","dee2ae0f-5fce-44ea-a2a9-431d4b7bd85d","","","","","","","","Australia","AU","New South Wales","","","Deniliquin","Deniliquin","","","","","","","","","","","-35.53","144.95","EPSG:4326","","","","","","","","","","","AMG conversion, collection or Gazetteer","",""
"dr342","Museums Victoria provider for OZCAM","","2026-03-26T15:33","en","CC0","Museums Victoria","","","","urn:lsid:biocol.org:col:34978","","","NMV","Mammalogy","","NMV","PRESERVED_SPECIMEN","","","","","Published dataset","","","PhysicalObject","urn:lsid:ozcam.taxonomy.org.au:NMV:Mammalogy:PreservedSpecimen:C25132","C25132","","Unknown","1","","","","","","","","PRESENT","Dry | Skull (part)","","","","","","","","","","","246f96cb-eb01-49de-a73f-ef97466fd92c","","","","","","","","Australia","AU","New South Wales","","","Tapio Station","Tapio Station","","","","","","","","","","","-33.95","141.95","EPSG:4326","","","","","","","","","","","AMG conversion, collection or Gazetteer","",""
"dr342","Museums Victoria provider for OZCAM","","2026-03-26T15:33","en","CC0","Museums Victoria","","","","urn:lsid:biocol.org:col:34978","","","NMV","Mammalogy","","NMV","PRESERVED_SPECIMEN","","","","","Published dataset","","","PhysicalObject","urn:lsid:ozcam.taxonomy.org.au:NMV:Mammalogy:PreservedSpecimen:C6230-1","C6230-1","","Unknown","1","","","MALE","","","","","PRESENT","Dry | Skull","","","","","","","","","","","0a6f85f3-0446-4cda-b43a-d83a7f227e49","","","","","","","","Australia","AU","New South Wales","","","Deniliquin","Deniliquin","","","","","","","","","","","-35.53","144.95","EPSG:4326","","","","","","","","","","","AMG conversion, collection or Gazetteer","",""
"dr342","Museums Victoria provider for OZCAM","","2020-10-08T14:02","en","CC0","Museums Victoria","","","","urn:lsid:biocol.org:col:34978","","","NMV","Mammalogy","","NMV","PRESERVED_SPECIMEN","","","","","Published dataset","","","PhysicalObject","urn:lsid:ozcam.taxonomy.org.au:NMV:Mammalogy:PreservedSpecimen:C6228","C6228","","Unknown","1","","","FEMALE","","","","","PRESENT","Dry | Skin","","","","","","","","","","","8e6dc74b-9df3-4bcc-a796-081c8210cfd0","","","","","","","","Australia","AU","New South Wales","","","Deniliquin","Deniliquin","","","","","","","","","","","-35.53","144.95","EPSG:4326","","","","","","","","","","","AMG conversion, collection or Gazetteer","",""
"dr342","Museums Victoria provider for OZCAM","4cbb36fa-dab1-4a9b-917d-63296fceb074 | 7cdc8f99-dd14-4372-ba4d-62496e8733fc | f1ba633b-7593-4c01-b334-c0bcc8005f82 | f7147c10-c04e-43e5-a376-acb72b4573eb","2023-10-26T15:15","en","CC0","Museums Victoria","","","","urn:lsid:biocol.org:col:34978","","","NMV","Mammalogy","","NMV","PRESERVED_SPECIMEN","","","","","Published dataset","","","PhysicalObject","urn:lsid:ozcam.taxonomy.org.au:NMV:Mammalogy:PreservedSpecimen:C6230","C6230","","Unknown","1","","","MALE","","","","","PRESENT","Dry | Mount","","https://collections.museumsvictoria.com.au/content/media/15/135915-large.jpg | https://collections.museumsvictoria.com.au/content/media/14/135914-large.jpg | https://collections.museumsvictoria.com.au/content/media/36/149786-large.jpg | https://collections.museumsvictoria.com.au/content/media/24/149574-large.jpg","","","","","","","","","e292e728-5842-421c-97e7-528c8dd32aaa","","","","","","","","Australia","AU","New South Wales","","","Deniliquin","Deniliquin","","","","","","","","","","","-35.53","144.95","EPSG:4326","","","","","","","","","","","AMG conversion, collection or Gazetteer","",""
"dr342","Museums Victoria provider for OZCAM","","2026-03-26T15:33","en","CC0","Museums Victoria","","","","urn:lsid:biocol.org:col:34978","","","NMV","Mammalogy","","NMV","PRESERVED_SPECIMEN","","","","","Published dataset","","","PhysicalObject","urn:lsid:ozcam.taxonomy.org.au:NMV:Mammalogy:PreservedSpecimen:C6226-1","C6226-1","","Unknown","1","","","","","","","","PRESENT","Dry | Skull","","","","","","","","","","","f6849f93-c81c-4d5d-8e2a-af326fbc1568","","","","","","","","Australia","AU","New South Wales","","","Deniliquin","Deniliquin","","","","","","","","","","","-35.53","144.95","EPSG:4326","","","","","","","","","","","AMG conversion, collection or Gazetteer","",""
"dr342","Museums Victoria provider for OZCAM","","2025-05-19T14:17","en","CC0","Museums Victoria","","","","urn:lsid:biocol.org:col:34978","","","NMV","Mammalogy","","NMV","PRESERVED_SPECIMEN","","","","","Published dataset","","","PhysicalObject","urn:lsid:ozcam.taxonomy.org.au:NMV:Mammalogy:PreservedSpecimen:C6227","C6227","","Unknown","1","","","","","","","","PRESENT","Dry | Skin","","","","","","","","","","","fa85e2ab-7f2e-4487-a892-cc857f877e86","","","","","","","","Australia","AU","New South Wales","","","Deniliquin","Deniliquin","","","","","","","","","","","-35.53","144.95","EPSG:4326","","","","","","","","","","","AMG conversion, collection or Gazetteer","",""
"dr342","Museums Victoria provider for OZCAM","","2026-03-26T15:33","en","CC0","Museums Victoria","","","","urn:lsid:biocol.org:col:34978","","","NMV","Mammalogy","","NMV","PRESERVED_SPECIMEN","","","","","Published dataset","","","PhysicalObject","urn:lsid:ozcam.taxonomy.org.au:NMV:Mammalogy:PreservedSpecimen:C6228-1","C6228-1","","Unknown","1","","","FEMALE","","","","","PRESENT","Dry | Skull","","","","","","","","","","","32b95450-e0b9-4327-b2e4-aaa88173b19d","","","","","","","","Australia","AU","New South Wales","","","Deniliquin","Deniliquin","","","","","","","","","","","-35.53","144.95","EPSG:4326","","","","","","","","","","","AMG conversion, collection or Gazetteer","",""
"dr342","Museums Victoria provider for OZCAM","","2020-10-08T14:02","en","CC0","Museums Victoria","","","","urn:lsid:biocol.org:col:34978","","","NMV","Mammalogy","","NMV","PRESERVED_SPECIMEN","","","","","Published dataset","","","PhysicalObject","urn:lsid:ozcam.taxonomy.org.au:NMV:Mammalogy:PreservedSpecimen:C6226","C6226","","Unknown","1","","","","","","","","PRESENT","Dry | Skin","","","","","","","","","","","0a806043-6701-493b-86e7-101ce8b3819e","","","","","","","","Australia","AU","New South Wales","","","Deniliquin","Deniliquin","","","","","","","","","","","-35.53","144.95","EPSG:4326","","","","","","","","","","","AMG conversion, collection or Gazetteer","",""
"dr344","Queensland Museum provider for OZCAM","","2022-01-06","","CC-BY","","","","","","","","QM","Mammals","","","PRESERVED_SPECIMEN","","","","","Published dataset","","","","urn:lsid:ozcam.taxonomy.org.au:QM:Mammals:JM8466","JM8466","","","","","","","","","","","PRESENT","Skeletal parts","","","","","","","","","","","bf51eb6b-668b-4f8b-bc23-996146685e06","","","","","","","","Australia","AU","Queensland","","","Epping Forest NP, 100km NW Clermont","","","","","","","","","","","","-22.333333","146.733333","EPSG:4326","","","","22° 20' South","146° 44' East","","","","","","","",""
"dr344","Queensland Museum provider for OZCAM","09c27810-1f5c-4585-8955-f27c9b927ecc | a748f18b-b711-41f3-893b-98c57e5cd5df | df9d5a8b-9525-488d-88a4-290a39fa9c75","2023-10-03","","CC-BY","","","","","","","","QM","Mammals","","","PRESERVED_SPECIMEN","","","","","Published dataset","","","","urn:lsid:ozcam.taxonomy.org.au:QM:Mammals:J13145","J13145","","","","","","","","","","","PRESENT","Skull","","","","","","","","fba56b0b-de16-4fcd-a687-8ee2013bf7f0","","","9165a266-ea34-408b-8cea-9b8e5a643721","","","","","","","","Australia","AU","Queensland","","","Bullamon, Moonie R","","","","","","","","","","","","-28.65","148.85","EPSG:4326","","","","28° 39' South","148° 51' East","","","","","","","",""
"dr344","Queensland Museum provider for OZCAM","","2022-01-06","","CC-BY","","","","","","","","QM","Mammals","","","PRESERVED_SPECIMEN","","","","","Published dataset","","","","urn:lsid:ozcam.taxonomy.org.au:QM:Mammals:J11183","J11183","","","","","","","","","","","PRESENT","","","","","","","","","","","","0a47d238-ee4a-4c2c-ad0c-6595a245d0f6","","","","","","","","Australia","AU","Queensland","","","Moonie R","","","","","","","","","","","","-28.666667","148.883333","EPSG:4326","","","","28° 40' South","148° 53' East","","","","","","","",""
"dr344","Queensland Museum provider for OZCAM","","2022-01-06","","CC-BY","","","","","","","","QM","Mammals","","","PRESERVED_SPECIMEN","","","","","Published dataset","","","","urn:lsid:ozcam.taxonomy.org.au:QM:Mammals:JM7484","JM7484","","","","","","","","","","","PRESENT","Skeletal parts","","","","","","","","d6cd0525-293d-485e-ad82-6fd369237252|71968de0-71d5-4195-97b1-dbdd3d79b565","","","327f1b89-c22e-4a60-b4a7-d2ae514d15c7","","","","","","","","Australia","AU","Queensland","","","Epping Forest NP, Clermont","","","","","","","","","","","","-22.333333","146.733333","EPSG:4326","","","","22° 20' South","146° 44' East","","","","","","","",""
"dr344","Queensland Museum provider for OZCAM","","2022-01-06","","CC-BY","","","","","","","","QM","Mammals","","","PRESERVED_SPECIMEN","","","","","Published dataset","","","","urn:lsid:ozcam.taxonomy.org.au:QM:Mammals:JM8464","JM8464","","","","","","","","","","","PRESENT","Skeletal parts","","","","","","","","","","","5666cacf-0b23-466a-9e0f-dc27ce0afb01","","","","","","","","Australia","AU","Queensland","","","Epping Forest NP, 100km NW Clermont","","","","","","","","","","","","-22.333333","146.733333","EPSG:4326","","","","22° 20' South","146° 44' East","","","","","","","",""
"dr344","Queensland Museum provider for OZCAM","","2022-01-06","","CC-BY","","","","","","","","QM","Mammals","","","PRESERVED_SPECIMEN","","","","","Published dataset","","","","urn:lsid:ozcam.taxonomy.org.au:QM:Mammals:JM8481","JM8481","","","","","","","","","","","PRESENT","Scat","","","","","","","","","","","e13285b3-780e-4795-a68f-f6b23eb837d1","","","","","","","","Australia","AU","Queensland","","","Epping Forest NP","","","","","","","","","","","","-22.333333","146.733333","EPSG:4326","","","","22° 20' South","146° 44' East","","","","","","","",""
"dr344","Queensland Museum provider for OZCAM","","2022-01-06","","CC-BY","","","","","","","","QM","Mammals","","","PRESERVED_SPECIMEN","","","","","Published dataset","","","","urn:lsid:ozcam.taxonomy.org.au:QM:Mammals:JM7473","JM7473","","","","","","","","","","","PRESENT","Skull","","","","","","","","","","","16440922-663e-4157-820a-67266521baf0","","","","","","","","Australia","AU","Queensland","","","Epping Forest NP, Clermont","","","","","","","","","","","","-22.333333","146.733333","EPSG:4326","","","","22° 20' South","146° 44' East","","","","","","","",""
"dr344","Queensland Museum provider for OZCAM","","2022-01-06","","CC-BY","","","","","","","","QM","Mammals","","","PRESERVED_SPECIMEN","","","","","Published dataset","","","","urn:lsid:ozcam.taxonomy.org.au:QM:Mammals:JM7477","JM7477","","","","","","","","","","","PRESENT","Skeletal parts","","","","","","","","416c8029-c3ab-468f-8d3a-2cbc6f8c39bf","","","8a70e887-1ffa-4d78-8075-5a150794ba16","","","","","","","","Australia","AU","Queensland","","","Epping Forest NP, Clermont","","","","","","","","","","","","-22.333333","146.733333","EPSG:4326","","","","22° 20' South","146° 44' East","","","","","","","",""
"dr344","Queensland Museum provider for OZCAM","","2022-01-06","","CC-BY","","","","","","","","QM","Mammals","","","PRESERVED_SPECIMEN","","","","","Published dataset","","","","urn:lsid:ozcam.taxonomy.org.au:QM:Mammals:JM10006","JM10006","","","","","","","","","","","PRESENT","Spirit","","","","","","","","","","","91d4b3b0-7007-40e4-b170-88c01c549e65","","","","","","","","Australia","AU","Queensland","","","Epping Stn","","","","","","","","","","","","-22.3319098","146.7341836","EPSG:4326","1000.0","0.01667","","22° 20' South","146° 44' East","","","","","","","",""
"dr344","Queensland Museum provider for OZCAM","0dd2ca40-4bc9-4a9c-8e0c-388ce39bcae6 | 3006c616-6caa-4552-af3e-4c08a4fdc7bf | e458563a-daa0-4ec1-9032-7d35fe659c1b","2023-10-03","","CC-BY","","","","","","","","QM","Mammals","","","PRESERVED_SPECIMEN","","","","","Published dataset","","","","urn:lsid:ozcam.taxonomy.org.au:QM:Mammals:J13144","J13144","","","","","","","","","","","PRESENT","Skull","","","","","","","","fba56b0b-de16-4fcd-a687-8ee2013bf7f0","","","9c35c1e9-19ce-45e7-93fa-f851dba0b171","","","","","","","","Australia","AU","Queensland","","","Bullamon, Moonie R","","","","","","","","","","","","-28.65","148.85","EPSG:4326","","","","28° 39' South","148° 51' East","","","","","","","",""
"dr344","Queensland Museum provider for OZCAM","","2022-01-06","","CC-BY","","","","","","","","QM","Mammals","","","PRESERVED_SPECIMEN","","","","","Published dataset","","","","urn:lsid:ozcam.taxonomy.org.au:QM:Mammals:JM7476","JM7476","","","","","","","","","","","PRESENT","Skull","","","","","","","","ba9e0d8d-8a9e-4d2a-8373-8ef3c06d7c9c|c751632a-ea31-4d5d-9ec5-dfcf903fb172|8a70e887-1ffa-4d78-8075-5a150794ba16|a090a556-d4b7-4da3-b774-f2989a226847","","","416c8029-c3ab-468f-8d3a-2cbc6f8c39bf","","","","","","","","Australia","AU","Queensland","","","Epping Forest NP, Clermont","","","","","","","","","","","","-22.333333","146.733333","EPSG:4326","","","","22° 20' South","146° 44' East","","","","","","","",""
"dr344","Queensland Museum provider for OZCAM","","2022-01-06","","CC-BY","","","","","","","","QM","Mammals","","","PRESERVED_SPECIMEN","","","","","Published dataset","","","","urn:lsid:ozcam.taxonomy.org.au:QM:Mammals:JM8463","JM8463","","","","","","","","","","","PRESENT","Skeletal parts","","","","","","","","","","","be90264b-9989-4fdc-8fa4-31fcfef1fb6a","","","","","","","","Australia","AU","Queensland","","","Epping Foest NP, 100km NW Clermont","","","","","","","","","","","","-22.333333","146.733333","EPSG:4326","","","","22° 20' South","146° 44' East","","","","","","","",""
"dr344","Queensland Museum provider for OZCAM","","2022-01-06","","CC-BY","","","","","","","","QM","Mammals","","","PRESERVED_SPECIMEN","","","","","Published dataset","","","","urn:lsid:ozcam.taxonomy.org.au:QM:Mammals:JM7483","JM7483","","","","","","","","","","","PRESENT","Skeletal parts","","","","","","","","327f1b89-c22e-4a60-b4a7-d2ae514d15c7","","","71968de0-71d5-4195-97b1-dbdd3d79b565","","","","","","","","Australia","AU","Queensland","","","Epping Forest NP, Clermont","","","","","","","","","","","","-22.333333","146.733333","EPSG:4326","","","","22° 20' South","146° 44' East","","","","","","","",""
"dr344","Queensland Museum provider for OZCAM","44216779-1da6-4a36-b964-d08b743dd47c | 813dcba9-307a-49ef-a402-89d29cfe041e","2023-10-03","","CC-BY","","","","","","","","QM","Mammals","","","PRESERVED_SPECIMEN","","","","","Published dataset","","","","urn:lsid:ozcam.taxonomy.org.au:QM:Mammals:J6239","J6239","","","","","","","","","","","PRESENT","Skeletal parts | Skin | Skull","","","","","","","","5e41ace8-3828-49ba-baea-c9733eab87f2","","","fd9b398d-41be-40e5-9e46-fc8343a96893","","","","","","","","Australia","AU","Queensland","","","Epping Forest Stn, Clermont district","","","","","","","","","","","","-22.333333","146.733333","EPSG:4326","","","","22° 20' South","146° 44' East","","","","","","","",""
"dr344","Queensland Museum provider for OZCAM","","2022-01-06","","CC-BY","","","","","","","","QM","Mammals","","","PRESERVED_SPECIMEN","","","","","Published dataset","","","","urn:lsid:ozcam.taxonomy.org.au:QM:Mammals:JM7482","JM7482","","","","","","","","","","","PRESENT","Skeletal parts","","","","","","","","327f1b89-c22e-4a60-b4a7-d2ae514d15c7","","","d6cd0525-293d-485e-ad82-6fd369237252","","","","","","","","Australia","AU","Queensland","","","Epping Forest NP, Clermont","","","","","","","","","","","","-22.333333","146.733333","EPSG:4326","","","","22° 20' South","146° 44' East","","","","","","","",""
"dr344","Queensland Museum provider for OZCAM","","2022-01-06","","CC-BY","","","","","","","","QM","Mammals","","","PRESERVED_SPECIMEN","","","","","Published dataset","","","","urn:lsid:ozcam.taxonomy.org.au:QM:Mammals:JM12487","JM12487","","","","","","","","","","","PRESENT","Display mount | Skeletal parts","","","","","","","","","","","9ebd41d3-47bd-4c14-a092-17b33d097ccd","","","","","","","","Australia","AU","Queensland","","","Epping Forest NP","","","","","","","","","","","","-22.3319099","146.700851","EPSG:4326","1000.0","0.01667","","22° 20' South","146° 42' East","","","","","","","",""
"dr344","Queensland Museum provider for OZCAM","","2022-01-06","","CC-BY","","","","","","","","QM","Mammals","","","PRESERVED_SPECIMEN","","","","","Published dataset","","","","urn:lsid:ozcam.taxonomy.org.au:QM:Mammals:JM7478","JM7478","","","","","","","","","","","PRESENT","Skeletal parts","","","","","","","","","","","72f16d8f-dfa7-4b8d-a85f-777587a716e1","","","","","","","","Australia","AU","Queensland","","","Epping Forest NP, Clermont","","","","","","","","","","","","-22.333333","146.733333","EPSG:4326","","","","22° 20' South","146° 44' East","","","","","","","",""
"dr344","Queensland Museum provider for OZCAM","","2022-01-06","","CC-BY","","","","","","","","QM","Mammals","","","PRESERVED_SPECIMEN","","","","","Published dataset","","","","urn:lsid:ozcam.taxonomy.org.au:QM:Mammals:JM7481","JM7481","","","","","","","","","","","PRESENT","Skeletal parts","","","","","","","","","","","efa067f1-dad8-47c0-977e-3350c7f9525b","","","","","","","","Australia","AU","Queensland","","","Epping Forest NP, Clermont","","","","","","","","","","","","-22.333333","146.733333","EPSG:4326","","","","22° 20' South","146° 44' East","","","","","","","",""
"dr344","Queensland Museum provider for OZCAM","26853414-cce2-461e-a2ec-5e90b1b0991d | b1debc29-79c9-4472-8a2a-15a040c02987 | c98fa462-cc40-4a4b-b09f-f37c5c852602","2023-10-03","","CC-BY","","","","","","","","QM","Mammals","","","PRESERVED_SPECIMEN","","","","","Published dataset","","","","urn:lsid:ozcam.taxonomy.org.au:QM:Mammals:J6283","J6283","","","","","","","","","","","PRESENT","Skull","","","","","","","","fd9b398d-41be-40e5-9e46-fc8343a96893|fd8bebbc-8894-4d56-a5c9-999a9a8a5939|b03803df-39c4-4811-b807-640ddde58506","","","5e41ace8-3828-49ba-baea-c9733eab87f2","","","","","","","","Australia","AU","Queensland","","","Epping Forest Stn, Clermont","","","","","","","","","","","","-22.333333","146.733333","EPSG:4326","","","","22° 20' South","146° 44' East","","","","","","","",""
"dr344","Queensland Museum provider for OZCAM","","2022-01-06","","CC-BY","","","","","","","","QM","Mammals","","","PRESERVED_SPECIMEN","","","","","Published dataset","","","","urn:lsid:ozcam.taxonomy.org.au:QM:Mammals:JM2546","JM2546","","","","","","","","","","","PRESENT","Skull","","","","","","","","","","","69fe38b2-6adb-4776-91ab-a0edda377414","","","","","","","","Australia","AU","Queensland","","","Epping Forest NP, Clermont","","","","","","","","","","","","-22.333333","146.733333","EPSG:4326","","","","22° 20' South","146° 44' East","","","","","","","",""
"dr344","Queensland Museum provider for OZCAM","5fd2a882-8db5-42ce-b540-754116f724c0 | 8cd576f8-a10a-41c4-a39b-5468e1bad343 | b81402fb-5941-4554-906a-7b29245405dc","2023-10-03","","CC-BY","","","","","","","","QM","Mammals","","","PRESERVED_SPECIMEN","","","","","Published dataset","","","","urn:lsid:ozcam.taxonomy.org.au:QM:Mammals:J6284","J6284","","","","","","","","","","","PRESENT","Skull","","","","","","","","5e41ace8-3828-49ba-baea-c9733eab87f2","","","b03803df-39c4-4811-b807-640ddde58506","","","","","","","","Australia","AU","Queensland","","","Epping Forest Stn, Clermont","","","","","","","","","","","","-22.333333","146.733333","EPSG:4326","","","","22° 20' South","146° 44' East","","","","","","","",""
"dr344","Queensland Museum provider for OZCAM","","2022-01-06","","CC-BY","","","","","","","","QM","Mammals","","","PRESERVED_SPECIMEN","","","","","Published dataset","","","","urn:lsid:ozcam.taxonomy.org.au:QM:Mammals:JM7480","JM7480","","","","","","","","","","","PRESENT","Skeletal parts","","","","","","","","","","","23cadb48-eafe-43ce-9aa7-7c73a941f611","","","","","","","","Australia","AU","Queensland","","","Epping Forest NP, Clermont","","","","","","","","","","","","-22.333333","146.733333","EPSG:4326","","","","22° 20' South","146° 44' East","","","","","","","",""
"dr344","Queensland Museum provider for OZCAM","","2022-01-06","","CC-BY","","","","","","","","QM","Mammals","","","PRESERVED_SPECIMEN","","","","","Published dataset","","","","urn:lsid:ozcam.taxonomy.org.au:QM:Mammals:J14051","J14051","","","","","","","","","","","PRESENT","Display mount","","","","","","","","","","","b5d001d3-c0a2-473f-b988-b34f616ecead","","","","","","","","Australia","AU","Queensland","","","Wombat Bore, Epping Forest Stn","","","","","","","","","","","","-22.316667","146.75","EPSG:4326","","","","22° 19' South","146° 45' East","","","","","","","",""
"dr344","Queensland Museum provider for OZCAM","","2022-01-06","","CC-BY","","","","","","","","QM","Mammals","","","PRESERVED_SPECIMEN","","","","","Published dataset","","","","urn:lsid:ozcam.taxonomy.org.au:QM:Mammals:JM7475","JM7475","","","","","","","","","","","PRESENT","Skull","","","","","","","","416c8029-c3ab-468f-8d3a-2cbc6f8c39bf","","","a090a556-d4b7-4da3-b774-f2989a226847","","","","","","","","Australia","AU","Queensland","","","Epping Forest NP, Clermont","","","","","","","","","","","","-22.333333","146.733333","EPSG:4326","","","","22° 20' South","146° 44' East","","","","","","","",""
"dr344","Queensland Museum provider for OZCAM","","2022-01-06","","CC-BY","","","","","","","","QM","Mammals","","","PRESERVED_SPECIMEN","","","","","Published dataset","","","","urn:lsid:ozcam.taxonomy.org.au:QM:Mammals:JM8465","JM8465","","","","","","","","","","","PRESENT","Skeletal parts","","","","","","","","81cfb692-dc4a-4f44-9aeb-691bd786c638","","","f7eb241f-ed32-4dac-bbd3-a86b62bbbae4","","","","","","","","Australia","AU","Queensland","","","Epping Forest NP, 100km NW Clermont","","","","","","","","","","","","-22.333333","146.733333","EPSG:4326","","","","22° 20' South","146° 44' East","","","","","","","",""
"dr344","Queensland Museum provider for OZCAM","","2022-01-06","","CC-BY","","","","","","","","QM","Mammals","","","PRESERVED_SPECIMEN","","","","","Published dataset","","","","urn:lsid:ozcam.taxonomy.org.au:QM:Mammals:JM5251","JM5251","","","","","","","","","","","PRESENT","Skeletal parts","","","","","","","","","","","27d316c8-596d-438e-ad4c-2038802889d0","","","","","","","","Australia","AU","Queensland","","","Epping Forest NP, Clermont","","","","","","","","","","","","-22.333333","146.733333","EPSG:4326","","","","22° 20' South","146° 44' East","","","","","","","",""
"dr344","Queensland Museum provider for OZCAM","","2022-01-06","","CC-BY","","","","","","","","QM","Mammals","","","PRESERVED_SPECIMEN","","","","","Published dataset","","","","urn:lsid:ozcam.taxonomy.org.au:QM:Mammals:JM6600","JM6600","","","","","","","","","","","PRESENT","Scat","","","","","","","","","","","82cf0af9-9e8f-4dfd-9196-d61585f40cca","","","","","","","","Australia","AU","Queensland","","","Epping Forest, Clermont","","","","","","","","","","","","-22.333333","146.733333","EPSG:4326","","","","22° 20' South","146° 44' East","","","","","","","",""
"dr344","Queensland Museum provider for OZCAM","","2022-01-06","","CC-BY","","","","","","","","QM","Mammals","","","PRESERVED_SPECIMEN","","","","","Published dataset","","","","urn:lsid:ozcam.taxonomy.org.au:QM:Mammals:JM8480","JM8480","","","","","","","","","","","PRESENT","Skeletal parts","","","","","","","","f7eb241f-ed32-4dac-bbd3-a86b62bbbae4","","","81cfb692-dc4a-4f44-9aeb-691bd786c638","","","","","","","","Australia","AU","Queensland","","","Epping Forest NP","","","","","","","","","","","","-22.333333","146.733333","EPSG:4326","","","","22° 20' South","146° 44' East","","","","","","","",""
"dr344","Queensland Museum provider for OZCAM","","2022-01-06","","CC-BY","","","","","","","","QM","Mammals","","","PRESERVED_SPECIMEN","","","","","Published dataset","","","","urn:lsid:ozcam.taxonomy.org.au:QM:Mammals:JM8462","JM8462","","","","","","","","","","","PRESENT","Skeletal parts","","","","","","","","","","","4afd57bc-c3d7-4636-a719-a01662da9370","","","","","","","","Australia","AU","Queensland","","","Epping Forest NP, 100km NW Clermont","","","","","","","","","","","","-22.333333","146.733333","EPSG:4326","","","","22° 20' South","146° 44' East","","","","","","","",""
"dr344","Queensland Museum provider for OZCAM","","2022-05-20","","CC-BY","","","","","","","","QM","Mammals","","","PRESERVED_SPECIMEN","","","","","Published dataset","","","","urn:lsid:ozcam.taxonomy.org.au:QM:Mammals:JM8653","JM8653","","","","","","","","","","","PRESENT","Spirit","","","","","","","","","","","9d7bbf18-44b0-4d7b-883b-ce3695b76418","","","","","","","","Australia","AU","Queensland","","","Epping Forest NP, Clermont","","226.0","","","","","","","","","","-22.366667","146.683333","EPSG:4326","","","","22° 22' South","146° 41' East","","","","","","","",""
"dr344","Queensland Museum provider for OZCAM","e3a4c1e5-4c9d-4856-ae42-ba40efa5b07f | e7b1d1ac-4140-4ed6-8d29-5d10f11ccb44","2023-10-03","","CC-BY","","","","","","","","QM","Mammals","","","PRESERVED_SPECIMEN","","","","","Published dataset","","","","urn:lsid:ozcam.taxonomy.org.au:QM:Mammals:J13143","J13143","","","","","","","","","","","PRESENT","Skin | Skull","","","","","","","","9c35c1e9-19ce-45e7-93fa-f851dba0b171|9165a266-ea34-408b-8cea-9b8e5a643721","","","fba56b0b-de16-4fcd-a687-8ee2013bf7f0","","","","","","","","Australia","AU","Queensland","","","Bullamon, Moonie R","","","","","","","","","","","","-28.666667","148.883333","EPSG:4326","","","","28° 40' South","148° 53' East","","","","","","","",""
"dr344","Queensland Museum provider for OZCAM","","2023-11-11","","CC-BY","","","","","","","","QM","Mammals","","","PRESERVED_SPECIMEN","","","","","Published dataset","","","","urn:lsid:ozcam.taxonomy.org.au:QM:Mammals:JM7479","JM7479","","","","","","","","","","","PRESENT","Skeletal parts","","","","","","","","416c8029-c3ab-468f-8d3a-2cbc6f8c39bf","","","ba9e0d8d-8a9e-4d2a-8373-8ef3c06d7c9c","","","","","","","","Australia","AU","Queensland","","","Epping Forest NP, Clermont","","","","","","","","","","","","-22.333333","146.733333","EPSG:4326","","","","22° 20' South","146° 44' East","","","","","","","",""
"dr344","Queensland Museum provider for OZCAM","1381ab10-daeb-432c-92c8-b74ac5f99569 | 14bdf0a5-10e3-4b79-89a9-b4a83e24ebfb | 701d3499-e11b-4381-8604-8192487109bd","2023-10-03","","CC-BY","","","","","","","","QM","Mammals","","","PRESERVED_SPECIMEN","","","","","Published dataset","","","","urn:lsid:ozcam.taxonomy.org.au:QM:Mammals:J6240","J6240","","","","","","","","","","","PRESENT","Skull","","","","","","","","5e41ace8-3828-49ba-baea-c9733eab87f2","","","fd8bebbc-8894-4d56-a5c9-999a9a8a5939","","","","","","","","Australia","AU","Queensland","","","Epping Forest Stn, Clermont district","","","","","","","","","","","","-22.333333","146.733333","EPSG:4326","","","","22° 20' South","146° 44' East","","","","","","","",""
"dr344","Queensland Museum provider for OZCAM","","2022-01-06","","CC-BY","","","","","","","","QM","Mammals","","","PRESERVED_SPECIMEN","","","","","Published dataset","","","","urn:lsid:ozcam.taxonomy.org.au:QM:Mammals:J20354","J20354","","","","","","","","","","","PRESENT","Skeletal parts","","","","","","","","","","","75d3e6ad-09f5-47a1-b6ea-8551959c55b6","","","","","","","","Australia","AU","Queensland","","","Epping Forest Stn, Clermont","","","","","","","","","","","","-22.333333","146.733333","EPSG:4326","","","","22° 20' South","146° 44' East","","","","","","","",""
"dr344","Queensland Museum provider for OZCAM","","2022-01-06","","CC-BY","","","","","","","","QM","Mammals","","","PRESERVED_SPECIMEN","","","","","Published dataset","","","","urn:lsid:ozcam.taxonomy.org.au:QM:Mammals:JM7474","JM7474","","","","","","","","","","","PRESENT","Skull","","","","","","","","416c8029-c3ab-468f-8d3a-2cbc6f8c39bf","","","c751632a-ea31-4d5d-9ec5-dfcf903fb172","","","","","","","","Australia","AU","Queensland","","","Epping Forest NP, Clermont","","","","","","","","","","","","-22.333333","146.733333","EPSG:4326","","","","22° 20' South","146° 44' East","","","","","","","",""
"dr344","Queensland Museum provider for OZCAM","","2022-01-06","","CC-BY","","","","","","","","QM","Mammals","","","PRESERVED_SPECIMEN","","","","","Published dataset","","","","urn:lsid:ozcam.taxonomy.org.au:QM:Mammals:JM2547","JM2547","","","","","","","","","","","PRESENT","Skull","","","","","","","","","","","25dac4f1-d032-4011-8aaf-07825a10b831","","","","","","","","Australia","AU","Queensland","","","Epping Forest NP, Clermont","","","","","","","","","","","","-22.333333","146.733333","EPSG:4326","","","","22° 20' South","146° 44' East","","","","","","","",""
"dr364","ALA species sightings and OzAtlas","69b7378f-0fa4-4ae1-8aa9-4a0fcf87b802","2018-08-17T01:12:01.726Z","","CC-BY-NC 3.0 (Au)","Atlas of Living Australia","","","","in1033","","e61eb018-02a9-4e3b-a4b3-9d6be33d9cbb","Atlas of Living Australia","","Individual sighting","","HUMAN_OBSERVATION","","","","","Individual sightings","","","","389bd6b6-56a1-44df-9356-6e8305e5da8f","","https://biocollect.ala.org.au/sightings/bioActivity/index/e611dba7-20ea-467e-ab92-c9aa3f30a5ea","Tim Bawden","8","","","","","","","","PRESENT","","","","","","","","","","","","83985b42-ce84-4382-81f9-cb54b7fecb31","","1453e567-c409-4126-8484-2847cf8e7b3c","","","","","","Australia","AU","Queensland","","","","","","","","","","","","","","nullnull","-22.379968","146.70056","EPSG:4326","","","","","","","","","","","","",""
"dr364","ALA species sightings and OzAtlas","15283291-d964-47d9-a24a-8aecfa3f2012","2018-12-07T22:58:47.964Z","","CC-BY-NC 3.0 (Au)","Atlas of Living Australia","","","","in1033","","e61eb018-02a9-4e3b-a4b3-9d6be33d9cbb","Atlas of Living Australia","","Individual sighting","","HUMAN_OBSERVATION","","","","","Individual sightings","","","","13dfbc2c-bc49-4cde-81e3-4f3675ef6424","","https://biocollect.ala.org.au/sightings/bioActivity/index/ecfcea7a-106b-43a5-8e35-09c0edf1eefc","Charmaine Thomas","1","","","","","","","","PRESENT","","","","","","","","","","","","874006d5-a88c-4289-8a2f-96295eb37b71","","","","","","","","Australia","AU","Queensland","","","","","","","","","","","","","","","-23.397586","150.490251","EPSG:4326","","","","","","","","","","","","",""
"dr364","ALA species sightings and OzAtlas","6521d06d-4f18-4813-9693-60730e997565","2018-12-15T09:49:24.780Z","","CC-BY-NC 3.0 (Au)","Atlas of Living Australia","","","","in1033","","e61eb018-02a9-4e3b-a4b3-9d6be33d9cbb","Atlas of Living Australia","","Individual sighting","","HUMAN_OBSERVATION","","","","","Individual sightings","","","","115aacf8-181f-4906-b36c-f5dd9125c032","","https://biocollect.ala.org.au/sightings/bioActivity/index/791be0cb-c16b-44dd-9f65-29f3e8bd26b5","Charmaine Thomas","1","","","","","","","","PRESENT","","","","","","","","","","","","7cd2861d-11f6-43ea-8811-cf1275e264ce","","","","","","","","Australia","AU","Queensland","","","","","","","","","","","","","","","-26.83644","152.962904","EPSG:4326","","","","","","","","","","","","",""
"dr368","NSW BioNet Atlas","","2024-05-03T00:49:49.070+10:00","en","CC-BY 4.0 (Int)","NSW Dept of Planning and Environment","","BioNet Atlas of NSW Wildlife 12/05/2024 1:00 AM +10:00","","","","3426.0","NSW Dept of Planning, Industry and Environment","BioNet Atlas of NSW Wildlife","Wildlife Rehab Database","NSW Dept of Planning and Environment","HUMAN_OBSERVATION","","","","21589379.0","Published dataset","CC-BY 4.0","","Event","urn:catalog:NSW Dept of Planning, Industry and Environment:BioNet Atlas of NSW Wildlife:SPJGI8297834","SPJGI8297834","DPE:1603751;Or:1779086","OPJGI0006886","","","","","","","","","PRESENT","","","","","","","occurrenceRemarks withheld","","","","","55351d1a-917c-4e48-8919-9ddcf221005e","","LPJGI1095939","","","","","","Australia","AU","New South Wales","MID-WESTERN REGIONAL","","locality withheld","","","","","","","","","","","locationRemarks withheld","-32.596133","149.582224","EPSG:4326","30.0","1.0E-9","","","","","","","","","GPS","",""
"dr368","NSW BioNet Atlas","","2022-04-21T14:19:30.280+10:00","en","CC-BY 4.0 (Int)","NSW Dept of Planning and Environment","","BioNet Atlas of NSW Wildlife 12/05/2022 1:00 AM +10:00","","","","3426.0","NSW Dept of Planning, Industry and Environment","BioNet Atlas of NSW Wildlife","Wildlife Rehab Database","NSW Dept of Planning and Environment","HUMAN_OBSERVATION","","","{""mechanicalHazardReductionDescription"":""N/A"",""geogExtent"":""N/A"",""mapSheetNumber"":""9028 - KIAMA"",""botanicalDivision"":""Central Coast"",""floraReserve"":""N/A"",""speciesFireDescription"":""N/A"",""vulnerability"":""N/A"",""protectedInNSW"":""true"",""bfmcs"":""N/A"",""potentialImpact"":""N/A"",""observationType"":""Wildlife Rehabilitation Record"",""profileID"":""20190"",""reserve"":""N/A"",""sourceDatasetName"":""Wildlife Rehab Database"",""ibra"":""Sydney Basin (NSW)"",""stateForest"":""N/A"",""status"":""Invalid, in quarantine""}","","Published dataset","CC-BY 4.0","","Event","urn:catalog:NSW Dept of Planning, Industry and Environment:BioNet Atlas of NSW Wildlife:SPJGI6398514","SPJGI6398514","WR848902; 1227755","WIRES-HO","","","","","","","","","PRESENT","","","","","","","occurrenceRemarks withheld","","","","","9225131b-f10b-40a5-8031-d064b269e5f0","","LPJGI0594002","","","","","","Australia","AU","New South Wales","SHOALHAVEN","","locality withheld","","","","","","","","","","","locationRemarks withheld","-34.82804","150.51471","EPSG:4326","2445.0","1.0E-9","","","","","","","","","GPS","",""
"dr368","NSW BioNet Atlas","","2026-01-23T20:10:02.493+11:00","en","CC-BY 4.0 (Int)","NSW Dept of Planning and Environment","","BioNet Atlas of NSW Wildlife 27/01/2026 1:00 AM +11:00","","","","3426","NSW Dept of Planning, Industry and Environment","BioNet Atlas of NSW Wildlife","Wildlife Rehab Database","NSW Dept of Planning and Environment","HUMAN_OBSERVATION","","","","","Published dataset","CC-BY 4.0","","Event","urn:catalog:NSW Dept of Planning, Industry and Environment:BioNet Atlas of NSW Wildlife:SPJGI9152008","SPJGI9152008","WR1939656;2110476","OPJGI0006913","","","","","","A Adult","","","PRESENT","","","","","","","occurrenceRemarks withheld","","","","","632fe0d7-7c2a-4978-8836-dd138e2a5c2a","","LPJGI1269329","","","","","","Australia","AU","New South Wales","YASS VALLEY","","locality withheld","","","","","","","","","","","locationRemarks withheld","-35.060586","149.252797","EPSG:4326","500.0","1.0E-9","","","","","","","","","GPS","",""
"dr368","NSW BioNet Atlas","","2022-04-21T14:19:30.280+10:00","en","CC-BY 4.0 (Int)","NSW Dept of Planning and Environment","","BioNet Atlas of NSW Wildlife 12/05/2022 1:00 AM +10:00","","","","3426.0","NSW Dept of Planning, Industry and Environment","BioNet Atlas of NSW Wildlife","Wildlife Rehab Database","NSW Dept of Planning and Environment","HUMAN_OBSERVATION","","","{""mechanicalHazardReductionDescription"":""N/A"",""geogExtent"":""N/A"",""mapSheetNumber"":""8726 - MICHELAGO"",""botanicalDivision"":""Southern Tablelands"",""floraReserve"":""N/A"",""speciesFireDescription"":""N/A"",""vulnerability"":""N/A"",""protectedInNSW"":""true"",""bfmcs"":""N/A"",""potentialImpact"":""N/A"",""observationType"":""Wildlife Rehabilitation Record"",""profileID"":""20190"",""reserve"":""N/A"",""sourceDatasetName"":""Wildlife Rehab Database"",""ibra"":""South Eastern Highlands (NSW)"",""stateForest"":""N/A"",""status"":""Invalid, in quarantine""}","","Published dataset","CC-BY 4.0","","Event","urn:catalog:NSW Dept of Planning, Industry and Environment:BioNet Atlas of NSW Wildlife:SPJGI5879506","SPJGI5879506","WR355060; 965094","WIRES-HO","","","","","","","","","PRESENT","","","","","","","occurrenceRemarks withheld","","","","","870a891f-25e4-48ed-985d-0220664fab35","","LPJGI0295459","","","","","","Australia","AU","New South Wales","SNOWY MONARO REGIONAL","","locality withheld","","","","","","","","","","","locationRemarks withheld","-35.8603","149.19033","EPSG:4326","5259.0","1.0E-9","","","","","","","","","GPS","",""
"dr368","NSW BioNet Atlas","","2022-04-21T14:19:30.280+10:00","en","CC-BY 4.0 (Int)","NSW Dept of Planning and Environment","","BioNet Atlas of NSW Wildlife 12/05/2022 1:00 AM +10:00","","","","3426.0","NSW Dept of Planning, Industry and Environment","BioNet Atlas of NSW Wildlife","Wildlife Rehab Database","NSW Dept of Planning and Environment","HUMAN_OBSERVATION","","","{""mechanicalHazardReductionDescription"":""N/A"",""geogExtent"":""N/A"",""mapSheetNumber"":""9029 - WOLLONGONG"",""botanicalDivision"":""Central Coast"",""floraReserve"":""N/A"",""speciesFireDescription"":""N/A"",""vulnerability"":""N/A"",""protectedInNSW"":""true"",""bfmcs"":""N/A"",""potentialImpact"":""N/A"",""observationType"":""Wildlife Rehabilitation Record"",""profileID"":""20190"",""reserve"":""N/A"",""sourceDatasetName"":""Wildlife Rehab Database"",""ibra"":""Sydney Basin (NSW)"",""stateForest"":""N/A"",""status"":""Invalid, in quarantine""}","","Published dataset","CC-BY 4.0","","Event","urn:catalog:NSW Dept of Planning, Industry and Environment:BioNet Atlas of NSW Wildlife:SPJGI5754983","SPJGI5754983","WR458415; 993145","WIRES-HO","","","","MALE","","A Adult","","","PRESENT","","","","","","","occurrenceRemarks withheld","","","","","75037659-7e8f-4b10-943e-583cfb691848","","LPJGI0325861","","","","","","Australia","AU","New South Wales","WOLLONDILLY","","locality withheld","","","","","","","","","","","locationRemarks withheld","-34.17095","150.60317","EPSG:4326","3669.0","1.0E-9","","","","","","","","","GPS","",""
"dr368","NSW BioNet Atlas","","2023-09-16T10:27:17.123+10:00","en","CC-BY 4.0 (Int)","NSW Dept of Planning and Environment","","BioNet Atlas of NSW Wildlife 19/09/2023 1:00 AM +10:00","","","","3426.0","NSW Dept of Planning, Industry and Environment","BioNet Atlas of NSW Wildlife","Wildlife Rehab Database","NSW Dept of Planning and Environment","HUMAN_OBSERVATION","","","","","Published dataset","CC-BY 4.0","","Event","urn:catalog:NSW Dept of Planning, Industry and Environment:BioNet Atlas of NSW Wildlife:SPJGI7995437","SPJGI7995437","WR1257818;1506978","WIRES-HO","","","","","","","","","PRESENT","","","","","","","occurrenceRemarks withheld","","","","","ca444f8e-a6cf-41c3-baa0-16cd85ae2d53","","LPJGI0898307","","","","","","Australia","AU","New South Wales","MURRAY RIVER","","locality withheld","","","","","","","","","","","locationRemarks withheld","-35.554461","144.850627","EPSG:4326","17532.0","1.0E-9","","","","","","","","","GPS","",""
"dr368","NSW BioNet Atlas","","2026-05-14T22:34:40.507+10:00","en","CC-BY 4.0 (Int)","NSW Dept of Planning and Environment","","BioNet Atlas of NSW Wildlife 2026-05-19T01:00:02.149+10:00","","","","3426","NSW Dept of Planning, Industry and Environment","BioNet Atlas of NSW Wildlife","Wildlife Rehab Database","NSW Dept of Planning and Environment","HUMAN_OBSERVATION","","","","21589378.0","Published dataset","CC-BY 4.0","","Event","urn:catalog:NSW Dept of Planning, Industry and Environment:BioNet Atlas of NSW Wildlife:SPJGI8297041","SPJGI8297041","DPE:1602300;Or:1777470","OPJGI0006886","","","","","","","","","PRESENT","","","","","","","occurrenceRemarks withheld","","","","","b9f55c00-66e4-4939-b3a5-0bfa702ee258","","LPJGI1094384","","","","","","Australia","AU","New South Wales","Mid-Western Regional","","locality withheld","","","","","","","","","","","locationRemarks withheld","-32.770112","149.993984","EPSG:4326","30.0","1.0E-9","","","","","","","","","GPS","",""
"dr368","NSW BioNet Atlas","","2024-02-02T00:30:35.430+11:00","en","CC-BY 4.0 (Int)","NSW National Parks and Wildlife Service","","BioNet Atlas of NSW Wildlife 6/02/2024 1:00 AM +11:00","","","","1155.0","NSW Dept of Planning, Industry and Environment","BioNet Atlas of NSW Wildlife","DPIE Data from Scientific Licences dataset","NSW National Parks and Wildlife Service","HUMAN_OBSERVATION","","","","","Published dataset","Unknown","","Event","urn:catalog:NSW Dept of Planning, Industry and Environment:BioNet Atlas of NSW Wildlife:SDFKI0118649","SDFKI0118649","","ODFK2308101C","1","","","","","","","","PRESENT","","","","","","","occurrenceRemarks withheld","","","","","1f6f9807-736a-47d3-8ed6-c01dc3b6133e","","LDFKI0031762","","","","","","Australia","AU","New South Wales","WARRUMBUNGLE","","locality withheld","","","","","","","","","","","locationRemarks withheld","-31.981045","149.11393","EPSG:4326","20.0","1.0E-9","","","","","","","","","GPS","",""
"dr368","NSW BioNet Atlas","","2024-12-13T10:38:41.603+11:00","en","CC-BY 4.0 (Int)","NSW Dept of Planning and Environment","","BioNet Atlas of NSW Wildlife 15/12/2024 1:00 AM +11:00","","","","3426","NSW Dept of Planning, Industry and Environment","BioNet Atlas of NSW Wildlife","Wildlife Rehab Database","NSW Dept of Planning and Environment","HUMAN_OBSERVATION","","","","36531277","Published dataset","CC-BY 4.0","","Event","urn:catalog:NSW Dept of Planning, Industry and Environment:BioNet Atlas of NSW Wildlife:SPJGI8575905","SPJGI8575905","WR1634290;1798504","OPJGI0006913","","","","","","A Adult","","","PRESENT","","","","","","","occurrenceRemarks withheld","","","","","6d008c0d-2b85-49cd-af14-88b7136858b1","","LPJGI1149364","","","","","","Australia","AU","New South Wales","SHOALHAVEN","","locality withheld","","","","","","","","","","","locationRemarks withheld","-34.72927","150.677751","EPSG:4326","1777.0","1.0E-9","","","","","","","","","GPS","",""
"dr368","NSW BioNet Atlas","","2023-12-20T15:40:04.083+11:00","en","CC-BY 4.0 (Int)","NSW Dept of Planning and Environment","","BioNet Atlas of NSW Wildlife 2/01/2024 1:00 AM +11:00","","","","1.0","NSW Dept of Planning, Industry and Environment","BioNet Atlas of NSW Wildlife","DPIE Default Sightings","NSW Dept of Planning and Environment","HUMAN_OBSERVATION","","","{""mechanicalHazardReductionDescription"":""N/A"",""geogExtent"":""N/A"",""mapSheetNumber"":""7826 - MATHOURA"",""botanicalDivision"":""South Western Plains"",""floraReserve"":""N/A"",""speciesFireDescription"":""N/A"",""vulnerability"":""N/A"",""protectedInNSW"":""true"",""bfmcs"":""N/A"",""potentialImpact"":""N/A"",""observationType"":""Trapped or netted"",""profileID"":""20190"",""reserve"":""N/A"",""sourceDatasetName"":""DPIE Default Sightings"",""ibra"":""Riverina (NSW)"",""stateForest"":""N/A"",""status"":""Valid record from population that is no longer extant""}","","Published dataset","CC-BY 4.0","","Event","urn:catalog:NSW Dept of Planning, Industry and Environment:BioNet Atlas of NSW Wildlife:27617-HO","27617-HO","","KERS","","","","","","","","","PRESENT","","","","Troughton, E. Le G. 1967, <i>Furred Animals of Australia (9th ed.)</i>, Angus & Robertson, Sydney","","","occurrenceRemarks withheld","","","","","7d5417ba-b564-4520-8da2-c084deb4db5b","","3940-HO","","","","","","Australia","AU","New South Wales","EDWARD RIVER","","locality withheld","","","","","","","","","","","locationRemarks withheld","-35.530739","144.960766","EPSG:4326","100000.0","1.0E-9","","","","","","","","","","",""
"dr368","NSW BioNet Atlas","","2022-04-21T14:19:30.280+10:00","en","CC-BY 4.0 (Int)","NSW Dept of Planning and Environment","","BioNet Atlas of NSW Wildlife 12/05/2022 1:00 AM +10:00","","","","3426.0","NSW Dept of Planning, Industry and Environment","BioNet Atlas of NSW Wildlife","Wildlife Rehab Database","NSW Dept of Planning and Environment","HUMAN_OBSERVATION","","","{""mechanicalHazardReductionDescription"":""N/A"",""geogExtent"":""N/A"",""mapSheetNumber"":""9131 - GOSFORD"",""botanicalDivision"":""Central Coast"",""floraReserve"":""N/A"",""speciesFireDescription"":""N/A"",""vulnerability"":""N/A"",""protectedInNSW"":""true"",""bfmcs"":""N/A"",""potentialImpact"":""N/A"",""observationType"":""Wildlife Rehabilitation Record"",""profileID"":""20190"",""reserve"":""N/A"",""sourceDatasetName"":""Wildlife Rehab Database"",""ibra"":""Sydney Basin (NSW)"",""stateForest"":""N/A"",""status"":""Invalid, in quarantine""}","","Published dataset","CC-BY 4.0","","Event","urn:catalog:NSW Dept of Planning, Industry and Environment:BioNet Atlas of NSW Wildlife:SPJGI5615540","SPJGI5615540","WR275672; 881278","WIRES-HO","","","","","","","","","PRESENT","","","","","","","occurrenceRemarks withheld","","","","","d2a60792-29d3-4e92-b5ce-9f089c9bc1ed","","LPJGI0449058","","","","","","Australia","AU","New South Wales","HAWKESBURY","","locality withheld","","","","","","","","","","","locationRemarks withheld","-33.190031","151.040332","EPSG:4326","30.0","1.0E-9","","","","","","","","","GPS","",""
"dr368","NSW BioNet Atlas","","2023-09-16T11:52:35.093+10:00","en","CC-BY 4.0 (Int)","NSW Dept of Planning and Environment","","BioNet Atlas of NSW Wildlife 19/09/2023 1:00 AM +10:00","","","","3426.0","NSW Dept of Planning, Industry and Environment","BioNet Atlas of NSW Wildlife","Wildlife Rehab Database","NSW Dept of Planning and Environment","HUMAN_OBSERVATION","","","","","Published dataset","CC-BY 4.0","","Event","urn:catalog:NSW Dept of Planning, Industry and Environment:BioNet Atlas of NSW Wildlife:SPJGI8121830","SPJGI8121830","WR1423157;1659770","WIRES-HO","","","","","","A Adult","","","PRESENT","","","","","","","occurrenceRemarks withheld","","","","","bfc8640f-f77d-47e4-bf1c-1f155bcbf2f6","","LPJGI0999820","","","","","","Australia","AU","New South Wales","BATHURST REGIONAL","","locality withheld","","","","","","","","","","","locationRemarks withheld","-33.383025","149.885603","EPSG:4326","30.0","1.0E-9","","","","","","","","","GPS","",""
